{
    "Bjmm 2LV": {
        "BF on Set E": [
            {
                "Parameters": {
                    "p": 127,
                    "n": 128,
                    "k": 76,
                    "z": 7,
                    "l": 40,
                    "epsilon": 4
                },
                "Details": {
                    "Number of Representation": {
                        "q**t": 143.50211549101627,
                        "q**(l-t)": 139.77369373544332
                    },
                    "Probability": 1.0,
                    "List Size": {
                        "Base List": 141.5712948275497,
                        "Lv1 Lists": 143.3688959196561
                    },
                    "Time Cost": {
                        "Base Time Cost": 152.0892609514896,
                        "Level 1 Time Cost": 147.17391687676906,
                        "Level 0 Time Cost": 149.7691190609818
                    }
                },
                "Memory Cost": 150.8123036992811,
                "Overall Cost": 159.545067948753
            }
        ],
        "NN on Set E": [
            {
                "Parameters": {
                    "p": 127,
                    "n": 128,
                    "k": 76,
                    "z": 7,
                    "l": 23,
                    "epsilon": 1
                },
                "Details": {
                    "Number of Representation": {
                        "q**t": 105.60728319676927,
                        "q**(l-t)": 55.90947749417733
                    },
                    "Probability": 1.0,
                    "List Size": {
                        "Base List": 119.77975529097117,
                        "Lv1 Lists": 75.06899139249128
                    },
                    "Time Cost": {
                        "Base Time Cost": 128.01982285374072,
                        "Level 1 Time Cost": 133.98333042312817,
                        "Level 0 Time Cost": 79.44313538378333
                    }
                },
                "Memory Cost": 122.16205155629278,
                "Overall Cost": 142.68032944341007,
                "NN Details": [
                    {
                        "Bucketing Cost": 79.2670639573749,
                        "Collision Search Cost": 76.32146124159127,
                        "Parameters": {
                            "x": "5",
                            "y": "50",
                            "f": "53"
                        },
                        "NN Details": {
                            "p1": 26.629498590852428,
                            "p2": 19.750576149706145,
                            "d": 19.69286065184986,
                            "f": 95.00219284471754
                        }
                    }
                ]
            }
        ],
        "BF on Shifted E Set": [
            {
                "Parameters": {
                    "p": 127,
                    "n": 128,
                    "k": 76,
                    "z": 6,
                    "l": 27,
                    "w0": 74
                },
                "Details": {
                    "Number of Representation": {
                        "q**t": 70.56465143102751,
                        "q**(l-t)": 118.80763967512682
                    },
                    "Probability": 0.00011688736031312396,
                    "List Size": {
                        "Base List": 95.2321770396671,
                        "Lv1 Lists": 116.54003250619391
                    },
                    "Time Cost": {
                        "Base Time Cost": 104.2102199072407,
                        "Level 1 Time Cost": 120.34505346330687,
                        "Level 0 Time Cost": 117.07744629437396
                    }
                },
                "Memory Cost": 123.11962922376885,
                "Overall Cost": 140.4106811127135
            }
        ],
        "NN on Shifted E Set": [
            {
                "Parameters": {
                    "p": 127,
                    "n": 128,
                    "k": 76,
                    "z": 6,
                    "l": 24,
                    "w0": 81
                },
                "Details": {
                    "Number of Representation": {
                        "q**t": 77.49107758146874,
                        "q**(l-t)": 90.85290092803815
                    },
                    "Probability": 0.04386756939484106,
                    "List Size": {
                        "Base List": 100.22047248868456,
                        "Lv1 Lists": 29.612976821286228
                    },
                    "Time Cost": {
                        "Base Time Cost": 108.44356837694845,
                        "Level 1 Time Cost": 123.4300973012866,
                        "Level 0 Time Cost": 35.2975044131043
                    }
                },
                "Memory Cost": 102.81300826196701,
                "Overall Cost": 137.4653810149299,
                "NN Details": [
                    {
                        "Bucketing Cost": 34.837054623928616,
                        "Collision Search Cost": 33.42574690886105,
                        "Parameters": {
                            "x": "4",
                            "y": "32",
                            "f": "44"
                        },
                        "NN Details": {
                            "p1": 68.37625531729061,
                            "p2": 68.41017016821806,
                            "d": 61.069698922985026,
                            "f": 95.31786194913325
                        }
                    },
                    {
                        "Bucketing Cost": 34.837054623928616,
                        "Collision Search Cost": 33.42574690886105,
                        "Parameters": {
                            "x": "36",
                            "y": "9",
                            "f": "56"
                        },
                        "NN Details": {
                            "p1": 68.37625531729061,
                            "p2": 68.41017016821806,
                            "d": 61.069698922985026,
                            "f": 95.31786194913325
                        }
                    }
                ]
            }
        ],
        "BF on Set EuD": [
            {
                "Parameters": {
                    "p": 127,
                    "n": 128,
                    "k": 76,
                    "z": 7,
                    "l": 40,
                    "epsilon": 2,
                    "delta": 1
                },
                "Details": {
                    "Number of Representation": {
                        "q**t": 147.2974977714078,
                        "q**(l-t)": 132.78500904867116
                    },
                    "Probability": 1.0,
                    "List Size": {
                        "Base List": 148.84741923282394,
                        "Lv1 Lists": 140.99582210442983
                    },
                    "Time Cost": {
                        "Base Time Cost": 158.37594566220173,
                        "Level 1 Time Cost": 144.8008430615428,
                        "Level 0 Time Cost": 152.01165611730144
                    }
                },
                "Memory Cost": 148.435200713878,
                "Overall Cost": 165.52373021737907
            }
        ],
        "NN on Set EuD": [
            {
                "Parameters": {
                    "p": 127,
                    "n": 128,
                    "k": 76,
                    "z": 7,
                    "l": 22,
                    "epsilon": 1,
                    "delta": 1
                },
                "Details": {
                    "Number of Representation": {
                        "q**t": 120.40641761202191,
                        "q**(l-t)": 34.94342343386083
                    },